{
  "matches": 120,
  "model": {
    "agents": 360.0,
    "avg_rank": 3.2402777777777776,
    "win_rate_per_agent": 0.21388888888888888,
    "top2_rate_per_agent": 0.4027777777777778,
    "avg_survival_steps": 29.444444444444443
  },
  "tronkscript": {
    "agents": 360.0,
    "avg_rank": 3.7597222222222224,
    "win_rate_per_agent": 0.09444444444444444,
    "top2_rate_per_agent": 0.2111111111111111,
    "avg_survival_steps": 22.405555555555555
  },
  "delta_tronkscript_minus_model": {
    "avg_rank": 0.5194444444444448,
    "win_rate_per_agent": -0.11944444444444444,
    "top2_rate_per_agent": -0.19166666666666668,
    "avg_survival_steps": -7.038888888888888
  },
  "tronkscript_runtime": {
    "avg_tick_cost_per_infer_call": 8052.770394247458,
    "infer_calls": 8066,
    "python_tree_parity_rate": 1.0,
    "python_tree_parity_samples": 8066
  }
}